price,area,bedrooms,bathrooms,stories,mainroad,guestroom,basement,hotwaterheating,airconditioning,parking,prefarea,furnishingstatus
143184,8241,4,1,1,0,0,0,0,1,3,1,unfurnished
156402,3677,5,2,1,0,0,0,1,0,3,1,furnished
129124,3794,4,2,2,1,1,0,0,0,1,0,furnished
145568,3938,4,1,2,0,1,1,1,1,0,1,furnished
138926,2414,5,2,1,0,1,1,0,0,2,0,semi-furnished
132307,2596,2,2,3,1,0,1,1,0,3,0,semi-furnished
131757,9197,2,2,2,1,1,0,0,0,3,0,furnished
85777,2926,1,3,1,1,0,1,1,1,0,0,semi-furnished
140489,2538,5,1,1,0,0,0,0,1,2,1,unfurnished
147155,8195,3,3,2,0,0,1,0,0,1,0,furnished
129113,8918,1,3,3,1,0,1,0,1,1,1,unfurnished
92186,4391,1,1,3,0,0,0,0,1,2,0,unfurnished
112286,3669,2,1,3,1,0,1,0,1,1,1,semi-furnished
171550,7351,4,3,3,1,0,0,1,0,1,0,furnished
179400,6231,5,3,3,0,0,0,1,1,2,0,furnished
111809,3155,2,2,3,1,1,0,0,0,2,0,furnished
143211,3544,3,3,1,0,1,1,1,1,2,1,furnished
101150,2657,1,3,2,0,1,0,1,1,2,0,unfurnished
149815,1376,5,2,2,0,0,1,1,0,2,0,semi-furnished
180355,9509,4,1,2,0,1,1,1,1,0,1,furnished
156933,4560,5,2,2,0,1,1,1,0,1,1,unfurnished
116814,7565,1,2,3,0,0,1,1,1,2,0,furnished
108678,8504,1,1,1,0,1,1,1,1,1,1,furnished
99097,2281,1,2,1,1,1,1,0,0,2,1,unfurnished
110355,1114,2,2,1,1,1,0,1,1,1,1,semi-furnished
155313,9296,2,3,3,1,1,0,0,0,2,1,furnished
110676,3340,3,1,1,1,0,1,1,1,0,0,unfurnished
156499,9831,4,1,1,1,0,1,0,1,0,0,furnished
174038,5783,5,3,2,1,1,0,0,1,0,1,unfurnished
175899,3207,5,3,2,0,0,1,1,1,3,1,unfurnished
130830,1600,4,2,1,0,1,1,0,1,3,0,semi-furnished
184938,6266,4,3,2,1,1,0,1,0,1,1,semi-furnished
132750,1788,4,2,1,1,0,0,1,0,2,1,unfurnished
142387,5617,4,2,2,0,1,1,0,1,1,0,semi-furnished
83545,3499,1,1,2,0,1,1,0,1,2,1,semi-furnished
125848,4728,3,2,1,1,0,0,1,0,1,0,unfurnished
162432,9359,4,1,2,0,1,0,1,0,2,0,furnished
159979,4312,5,2,2,0,1,1,0,1,0,0,unfurnished
154133,8897,3,2,2,1,1,0,1,1,0,0,semi-furnished
138859,4933,2,1,3,1,0,1,1,1,2,1,semi-furnished
138382,8226,2,3,2,1,0,0,0,0,1,1,semi-furnished
90305,3912,2,1,1,0,0,1,0,1,3,0,furnished
195898,8290,5,3,1,0,1,0,1,1,3,1,semi-furnished
129362,2204,5,1,1,0,1,0,0,1,2,1,semi-furnished
149236,6686,3,1,3,1,1,1,0,0,1,0,semi-furnished
130501,6732,2,2,3,0,0,1,0,1,3,0,furnished
143773,9717,2,1,3,1,0,0,0,1,0,0,semi-furnished
117938,2997,1,3,1,1,0,1,1,0,1,1,unfurnished
164843,4684,5,2,1,0,0,1,1,1,2,1,semi-furnished
138842,3994,5,1,1,1,0,0,1,1,1,1,semi-furnished
115519,4446,2,2,2,1,1,0,1,1,1,0,semi-furnished
107168,2173,2,2,1,0,0,1,0,0,1,1,furnished
184908,7974,5,2,2,0,1,1,1,0,3,1,furnished
121820,3160,5,1,1,0,0,0,1,0,0,1,furnished
152421,6778,5,1,1,1,1,0,0,1,0,0,unfurnished
190923,5443,5,3,1,1,1,1,0,0,3,1,semi-furnished
143941,6024,3,1,1,0,1,1,1,1,1,1,unfurnished
207557,9074,5,3,3,0,1,0,0,1,3,0,unfurnished
132656,1714,5,1,3,0,0,1,1,1,1,1,semi-furnished
124322,9861,1,1,3,0,1,0,0,0,3,1,semi-furnished
158589,1518,5,2,3,1,1,0,1,1,1,1,furnished
124987,5104,2,3,1,1,1,1,0,0,2,0,unfurnished
125227,4186,3,3,1,1,0,1,0,0,2,1,semi-furnished
132313,5747,4,1,2,1,0,1,1,0,0,0,semi-furnished
104775,1338,2,2,3,0,0,0,0,0,0,1,furnished
127476,3256,3,1,2,1,1,0,1,0,0,0,semi-furnished
137981,6122,2,3,1,1,1,0,1,0,0,1,unfurnished
153445,4057,4,3,1,1,0,0,1,0,1,0,furnished
169938,8715,4,2,3,1,0,1,0,1,1,0,furnished
116130,8702,1,2,1,0,0,0,1,1,3,0,furnished
82033,1236,2,1,2,0,0,1,1,1,1,1,unfurnished
157134,7192,3,3,2,1,0,0,1,0,0,0,unfurnished
137718,3219,3,3,1,1,0,0,1,0,2,1,unfurnished
172497,6252,4,2,2,1,0,1,1,1,2,0,furnished
192432,5043,5,3,2,1,0,1,1,1,1,1,furnished
75608,2428,1,1,3,1,0,0,0,0,1,0,semi-furnished
156134,4772,5,2,2,0,1,0,1,0,3,0,unfurnished
159082,8537,5,2,1,0,0,1,0,0,0,0,furnished
171008,5783,5,3,1,1,0,0,0,0,2,1,furnished
157992,9295,4,1,1,0,0,0,0,0,1,0,unfurnished
135603,4199,1,3,3,1,0,0,1,1,2,1,semi-furnished
129435,7254,1,1,2,1,0,1,1,1,3,0,semi-furnished
123432,9433,1,1,1,0,1,0,0,0,3,1,unfurnished
119369,1506,3,3,3,1,0,1,0,1,0,0,semi-furnished
179702,7668,4,3,1,0,1,1,0,0,3,1,semi-furnished
162671,3849,5,2,1,0,1,1,0,1,2,0,furnished
92031,1041,1,3,1,1,1,1,0,1,1,0,semi-furnished
160540,9719,3,2,1,1,0,0,0,1,1,1,furnished
92385,3357,1,2,2,1,0,0,0,1,2,1,furnished
169549,4213,5,3,2,0,0,0,0,1,3,0,furnished
159820,5334,5,1,2,1,0,0,0,1,3,0,furnished
162912,6009,5,3,1,0,1,1,0,1,0,1,unfurnished
147828,6146,4,3,3,0,0,0,0,0,0,0,furnished
154426,9792,2,2,1,1,1,0,1,1,1,0,unfurnished
147269,8172,3,2,1,1,0,0,0,0,1,1,semi-furnished
78887,1946,1,1,3,0,0,0,0,1,2,1,furnished
79575,1362,1,1,1,0,0,1,0,1,3,0,semi-furnished
89582,1889,2,1,1,0,0,1,1,1,2,1,semi-furnished
145305,1664,2,3,3,1,1,1,1,1,3,1,furnished
150472,4196,3,3,3,0,0,1,1,1,0,0,semi-furnished
172834,6871,5,2,1,1,1,0,0,0,3,1,semi-furnished
103785,5009,1,2,1,1,0,0,1,0,3,1,furnished
155407,7051,4,1,1,0,1,0,1,0,3,1,unfurnished
116221,5796,2,3,1,1,1,1,0,1,0,0,unfurnished
106042,2244,2,2,3,1,0,0,0,1,3,1,unfurnished
165316,7267,4,2,2,1,1,0,0,1,3,0,unfurnished
167865,6639,4,2,3,0,1,1,0,0,3,1,unfurnished
159843,4625,5,3,2,0,0,0,1,1,0,1,furnished
94510,2548,1,3,3,0,0,0,1,0,0,1,semi-furnished
108262,1359,2,1,3,1,1,1,0,0,1,0,unfurnished
180420,5355,5,3,2,0,0,1,0,1,2,1,semi-furnished
140289,5720,2,3,2,0,1,0,1,0,2,0,furnished
182806,9472,4,2,3,1,0,1,1,0,2,1,furnished
88458,4197,1,1,2,1,1,1,1,0,2,0,unfurnished
163581,9197,4,3,1,0,1,0,0,0,1,1,unfurnished
102936,7548,1,1,2,0,1,0,0,1,1,0,furnished
151008,5537,4,2,1,1,0,1,0,1,2,1,semi-furnished
189076,7273,5,3,3,0,0,1,1,1,1,1,semi-furnished
150385,9734,2,3,3,1,0,0,1,0,3,0,semi-furnished
137507,1035,5,2,1,0,0,0,1,1,3,0,furnished
155967,8569,4,2,1,0,1,1,1,1,1,1,unfurnished
134857,5500,4,2,1,1,1,0,1,1,0,0,semi-furnished
152981,6550,3,3,1,0,1,0,1,1,2,0,semi-furnished
134483,3206,3,3,2,1,0,0,1,1,3,1,unfurnished
142705,1595,4,1,1,0,1,0,1,1,3,1,furnished
72611,3739,1,1,2,0,1,0,1,0,0,0,semi-furnished
168011,7387,3,3,3,0,0,0,0,1,2,1,semi-furnished
183892,9245,4,3,1,1,1,0,1,1,2,0,unfurnished
113454,7902,1,3,2,0,0,1,0,0,1,0,semi-furnished
123720,4489,2,3,3,0,0,0,1,1,1,1,unfurnished
182468,7213,5,1,3,1,0,1,1,1,3,1,semi-furnished
125580,6741,1,1,3,1,1,1,1,0,2,0,unfurnished
110834,2974,2,2,2,0,0,1,1,0,2,1,semi-furnished
159884,7559,4,2,2,0,0,1,1,1,1,1,unfurnished
148473,9892,2,3,1,0,0,0,1,1,0,0,semi-furnished
164968,6982,4,1,1,0,1,1,0,0,3,1,semi-furnished
127584,5894,4,1,2,0,1,1,0,0,0,0,unfurnished
189869,4268,5,3,1,1,0,0,1,1,3,1,furnished
108469,8162,1,1,2,1,1,0,0,0,1,1,semi-furnished
175765,7502,5,3,1,0,1,0,0,1,0,0,semi-furnished
128196,3831,3,3,2,1,0,0,1,1,0,1,furnished
144554,2425,5,2,3,1,0,1,1,0,1,0,unfurnished
173956,6381,5,3,3,1,0,0,0,0,2,1,semi-furnished
124087,1386,3,2,3,1,0,0,0,1,2,0,semi-furnished
161877,6014,3,3,2,1,1,0,1,0,0,0,semi-furnished
117191,4721,1,2,3,1,1,1,1,0,3,1,unfurnished
139597,3433,3,2,3,0,0,1,1,1,3,0,semi-furnished
122532,6433,2,3,1,1,0,1,1,1,0,0,unfurnished
169346,2383,5,2,2,1,1,1,1,0,1,0,semi-furnished
99443,5915,1,1,1,1,0,1,0,0,0,1,unfurnished
118248,1101,5,1,1,0,0,0,1,0,1,0,unfurnished
187278,9457,4,2,2,1,1,1,1,1,1,1,furnished
104082,1241,4,1,3,0,1,0,0,0,1,0,furnished
130741,5808,2,2,3,0,0,0,0,1,2,0,furnished
151818,6953,3,3,1,0,0,1,0,1,3,0,unfurnished
150795,8647,3,2,3,0,0,1,0,0,1,1,unfurnished
130415,6315,4,1,1,1,0,0,0,0,1,0,unfurnished
101471,1220,2,2,3,1,0,0,0,0,0,1,furnished
157993,5465,5,2,1,0,1,1,1,0,2,0,semi-furnished
122335,2870,3,1,1,1,0,1,0,0,3,1,furnished
90609,1449,1,2,2,0,0,0,1,0,3,0,semi-furnished
138747,1516,4,3,1,1,1,1,1,0,0,1,unfurnished
148571,6839,2,2,2,1,1,0,0,0,3,1,furnished
87470,3950,1,1,3,1,1,0,0,0,2,1,unfurnished
150958,9210,1,3,3,0,1,1,0,0,3,1,unfurnished
157472,8353,3,2,1,0,0,1,0,1,2,1,furnished
168813,9890,3,2,2,1,1,1,1,1,1,0,furnished
198622,8814,5,3,2,0,1,1,0,1,3,0,semi-furnished
122771,7163,2,2,1,0,0,0,1,1,0,1,furnished
153772,2733,5,1,1,1,0,0,1,1,3,1,semi-furnished
179203,8761,4,2,3,1,1,0,0,1,0,1,unfurnished
191815,8002,5,2,3,0,0,1,0,1,1,0,unfurnished
94074,2813,2,2,2,1,0,0,0,1,1,0,semi-furnished
174340,5312,4,3,2,1,1,0,1,1,3,0,unfurnished
141388,3166,4,3,3,0,0,1,0,1,0,0,furnished
94083,4399,1,2,3,1,0,0,1,0,3,0,semi-furnished
131632,8609,1,3,1,0,1,1,1,0,3,0,semi-furnished
114671,5062,2,2,1,1,0,0,1,1,1,0,furnished
139755,6466,2,3,2,1,0,1,0,0,3,1,furnished
181706,7847,5,3,3,1,1,0,1,0,1,0,furnished
135773,3921,3,3,3,0,0,0,1,1,0,0,semi-furnished
102459,4900,1,3,2,1,0,0,1,0,0,0,furnished
82932,1744,1,2,1,1,1,0,1,0,1,0,furnished
126997,9825,1,1,3,0,1,1,1,1,1,1,furnished
137940,3208,3,3,2,1,0,0,0,0,0,0,furnished
192186,6827,5,3,3,1,1,0,1,1,2,1,unfurnished
139092,8288,2,1,2,0,1,1,1,1,0,1,semi-furnished
143333,1081,5,2,3,1,0,0,1,1,0,0,unfurnished
144218,8664,2,2,2,0,0,0,1,0,3,0,semi-furnished
128235,4132,4,2,1,0,0,1,1,0,0,0,furnished
113053,1355,3,2,1,1,0,0,1,0,2,1,semi-furnished
107416,3320,2,1,3,1,1,1,0,1,1,1,unfurnished
164673,9774,3,1,2,0,1,1,1,0,0,1,unfurnished
138934,1045,3,3,1,0,0,0,1,1,3,1,semi-furnished
157590,2567,5,1,3,0,0,0,0,1,2,1,unfurnished
160413,7268,2,3,3,1,1,1,0,0,3,1,semi-furnished
139733,1023,4,2,3,0,1,1,0,0,2,0,furnished
109450,6266,1,3,1,1,1,0,0,1,2,1,furnished
169447,2169,5,3,3,1,1,0,0,0,3,1,furnished
139430,4506,4,2,3,0,0,0,1,0,2,0,semi-furnished
125701,6087,2,2,1,1,1,1,1,1,3,1,semi-furnished
87120,2217,2,2,1,1,0,0,1,0,1,0,unfurnished
93946,6636,1,1,2,0,0,1,0,1,2,0,furnished
135208,1957,2,3,3,1,1,0,0,1,0,1,unfurnished
122171,4784,2,3,1,1,1,1,1,0,3,0,furnished
142926,7811,4,2,1,1,0,1,0,1,0,0,furnished
83604,2722,1,1,3,1,0,0,0,0,3,1,furnished
116348,5590,2,3,2,0,1,0,1,1,0,0,furnished
119927,6959,2,1,3,0,0,0,1,1,2,1,furnished
165669,8861,3,3,1,1,0,1,0,0,1,1,semi-furnished
196241,2576,5,3,3,0,1,1,1,1,3,1,semi-furnished
187613,3999,5,3,3,1,1,1,0,0,3,1,furnished
87386,5811,1,2,1,0,1,0,0,0,0,0,semi-furnished
139021,2549,2,3,3,1,0,1,0,0,3,0,unfurnished
105721,4419,2,2,1,0,1,1,1,0,0,0,semi-furnished
125211,8897,1,3,3,0,0,1,0,0,3,0,furnished
142399,7745,2,2,1,1,1,0,1,1,0,1,unfurnished
167384,6486,4,2,2,1,0,0,1,0,0,1,semi-furnished
135191,8398,3,1,1,0,1,1,1,1,0,0,semi-furnished
164967,6706,4,3,2,0,1,0,0,0,2,1,semi-furnished
191475,6568,5,3,2,1,1,0,0,0,0,1,semi-furnished
103778,1356,1,2,2,0,1,0,1,1,3,0,semi-furnished
128886,2944,4,1,1,1,1,0,1,0,1,0,unfurnished
146374,2338,5,2,3,1,0,0,1,0,1,1,semi-furnished
190826,4104,5,3,3,1,0,1,0,1,2,0,unfurnished
123073,1072,2,3,3,1,1,1,1,1,0,0,semi-furnished
98159,1316,2,1,2,0,0,0,1,0,3,1,semi-furnished
163967,8809,4,1,1,1,1,1,0,1,2,0,semi-furnished
183904,7981,5,3,2,0,1,0,0,1,1,1,unfurnished
142479,9313,2,1,2,1,1,0,1,1,2,0,unfurnished
146380,9262,1,3,3,0,1,1,1,0,0,0,unfurnished
162085,8102,3,2,2,1,1,0,0,1,3,0,unfurnished
181990,6508,4,2,3,1,1,0,0,0,3,1,furnished
211008,9597,5,3,1,1,0,1,1,1,1,0,unfurnished
196999,8707,5,3,1,1,1,1,0,0,1,0,furnished
121662,5933,4,1,2,0,0,0,0,0,2,0,furnished
185528,7943,5,1,3,1,0,1,0,0,2,1,furnished
195556,5590,5,3,3,0,0,1,0,0,2,1,unfurnished
197529,8994,5,3,3,1,1,0,1,1,1,0,semi-furnished
117874,6923,2,1,3,1,0,1,0,0,0,0,unfurnished
155929,9447,3,2,2,0,0,1,1,1,2,0,furnished
96732,4935,1,2,3,0,1,0,0,0,3,1,furnished
174993,1604,5,3,3,0,0,0,1,1,0,1,furnished
134339,2414,4,2,2,0,1,1,1,0,1,1,unfurnished
109889,5234,2,3,1,1,0,0,0,0,0,1,furnished
169558,2245,5,2,3,0,0,1,0,1,2,1,furnished
168209,6108,5,1,3,1,1,1,0,1,0,1,semi-furnished
135889,4078,3,3,2,1,0,1,0,0,3,0,semi-furnished
119720,1398,2,3,1,1,1,1,1,0,2,1,furnished
145919,9183,3,2,1,0,0,1,1,1,3,0,unfurnished
184738,8076,5,2,2,0,1,1,0,1,2,0,semi-furnished
174571,7465,3,3,1,1,0,1,1,1,3,1,unfurnished
110766,2245,1,2,2,1,1,0,1,1,2,1,semi-furnished
120397,5558,1,3,3,1,0,1,1,1,2,1,unfurnished
131727,7349,2,2,1,0,1,1,0,0,2,1,semi-furnished
143892,7877,3,3,2,1,0,0,1,0,1,0,unfurnished
115425,2267,3,2,2,1,0,1,0,1,2,0,furnished
145422,3180,3,3,3,0,1,0,1,1,2,1,furnished
130300,7914,3,1,1,0,0,0,1,0,2,1,furnished
125698,8751,1,1,3,0,1,0,1,1,2,1,semi-furnished
152691,2898,5,2,2,0,1,0,0,0,2,1,unfurnished
144663,9427,4,1,1,1,1,0,0,0,1,1,semi-furnished
149983,5911,4,1,1,0,0,1,1,1,0,0,unfurnished
156338,8044,4,1,2,0,1,0,1,1,2,0,semi-furnished
174745,8344,4,2,2,1,1,0,0,1,2,0,semi-furnished
130350,2585,2,2,2,1,1,0,1,1,2,1,semi-furnished
140164,9072,1,2,2,1,0,0,0,1,3,1,unfurnished
148981,5889,3,2,2,1,1,0,1,0,0,1,furnished
181512,7472,5,3,1,0,0,1,1,1,1,0,unfurnished
141864,1917,4,2,2,0,0,0,0,1,0,1,semi-furnished
88161,6022,1,2,1,0,0,0,1,0,1,0,unfurnished
159595,7301,4,2,2,1,1,1,0,1,2,1,furnished
186853,9306,5,1,2,1,0,1,0,0,2,1,semi-furnished
118768,4906,3,2,1,1,0,0,1,1,0,0,furnished
170430,3326,5,3,2,1,0,1,0,0,1,0,unfurnished
105069,4197,2,1,2,1,0,0,0,1,3,0,furnished
177004,4509,5,2,2,1,1,1,0,0,3,0,unfurnished
213257,9228,5,3,2,1,1,1,0,1,1,0,furnished
71521,1690,2,1,2,0,0,0,0,1,0,0,semi-furnished
127550,4422,3,2,2,1,1,0,1,0,0,1,furnished
112945,5607,1,3,3,1,0,1,0,0,0,1,semi-furnished
140842,7089,2,3,1,1,0,1,0,0,1,0,unfurnished
117385,5419,2,2,2,0,1,1,1,0,0,0,furnished
141833,3954,4,1,3,0,0,0,1,1,1,1,unfurnished
154362,8035,3,3,2,0,0,0,0,0,2,0,furnished
152060,6302,4,1,3,0,0,0,0,1,2,0,semi-furnished
134166,1902,3,1,3,1,1,1,1,1,2,0,furnished
132063,4677,2,2,2,1,0,1,0,1,3,1,semi-furnished
134997,3331,4,2,2,1,1,0,0,0,2,1,semi-furnished
114272,1483,1,3,2,1,0,0,1,1,1,1,unfurnished
187987,5842,5,3,2,1,0,1,1,1,3,0,unfurnished
138746,9510,1,2,2,1,0,0,0,0,3,1,unfurnished
160394,2752,4,1,3,1,1,1,1,0,3,1,unfurnished
109722,1693,3,2,1,0,0,0,0,1,2,0,furnished
150270,7294,5,1,1,0,1,0,0,0,2,0,unfurnished
149965,3561,4,2,3,1,1,0,1,0,3,0,furnished
105042,1434,3,1,3,0,1,0,0,0,2,0,unfurnished
143723,4138,5,1,2,1,1,0,0,0,3,0,unfurnished
106662,5071,2,1,1,0,0,0,0,1,1,0,semi-furnished
170695,5952,3,2,3,0,1,1,1,1,3,1,furnished
125607,8595,1,3,2,1,1,1,0,0,1,1,unfurnished
186719,9243,5,2,3,1,0,1,1,0,2,0,furnished
155058,8444,4,2,1,1,1,1,1,0,2,0,unfurnished
78793,1966,1,1,3,0,0,1,0,0,1,0,furnished
202309,9275,5,3,3,0,1,1,1,0,2,0,semi-furnished
119946,3797,3,2,2,0,0,1,1,1,1,1,unfurnished
153754,3746,5,3,2,0,1,0,0,0,1,0,furnished
195957,9665,5,3,3,0,1,0,1,0,1,1,furnished
153869,5454,4,2,3,0,1,1,0,0,0,1,unfurnished
116404,6247,1,3,1,0,0,1,0,0,0,0,semi-furnished
124557,2970,3,3,2,1,1,0,1,0,0,1,furnished
174651,8717,5,2,3,0,1,0,0,0,2,1,semi-furnished
110410,4765,2,2,1,1,0,0,0,0,0,1,furnished
131742,2424,3,3,1,0,1,1,0,1,2,0,unfurnished
125910,3056,4,1,3,0,0,0,0,0,1,0,semi-furnished
146257,7384,3,1,1,1,0,1,1,1,2,0,unfurnished
117586,4212,3,1,1,0,0,0,1,1,1,1,furnished
167764,4698,5,2,3,1,1,0,0,0,2,1,semi-furnished
125270,4638,4,2,1,0,0,1,0,0,0,1,furnished
181907,9173,3,3,3,0,1,0,0,1,1,1,furnished
129053,7516,1,3,2,0,0,0,1,1,0,1,unfurnished
174048,8706,5,1,3,0,1,0,0,1,2,1,furnished
173947,3723,5,2,1,1,0,1,1,1,3,1,furnished
131208,7599,2,2,3,0,1,1,1,0,2,0,furnished
183730,9479,5,3,2,0,1,0,1,0,0,0,semi-furnished
133287,6722,2,3,1,1,1,0,1,1,2,0,semi-furnished
172511,4772,5,2,3,0,0,0,1,1,3,0,semi-furnished
155694,7975,5,1,2,0,0,1,0,1,0,1,semi-furnished
127717,5422,3,3,1,1,1,0,0,0,1,1,semi-furnished
102418,2349,2,2,1,1,0,0,1,1,1,0,unfurnished
145287,2961,5,3,1,0,0,0,0,0,3,0,semi-furnished
142780,8348,2,1,1,1,1,0,0,1,2,1,semi-furnished
134147,9519,1,3,1,1,0,1,1,1,3,1,semi-furnished
118028,6387,1,2,3,1,1,0,0,1,1,0,semi-furnished
166661,5215,5,3,2,1,1,0,0,0,1,1,unfurnished
130455,4112,5,1,1,0,1,1,0,1,0,0,unfurnished
116937,6274,2,1,3,0,0,0,1,0,1,1,semi-furnished
154570,7069,3,3,3,1,1,0,0,0,1,0,furnished
118561,4894,3,2,3,1,0,0,1,0,0,0,unfurnished
112854,3005,2,1,3,1,0,1,1,1,3,1,furnished
151176,7007,2,3,2,0,0,0,0,1,2,1,semi-furnished
186642,9131,3,3,3,1,0,1,0,1,2,0,semi-furnished
117860,3324,1,2,3,1,1,1,0,1,2,0,unfurnished
67230,2408,1,1,1,0,1,0,0,1,1,0,semi-furnished
174051,6670,4,2,2,1,1,1,0,1,0,0,semi-furnished
164246,8422,4,1,2,1,1,1,1,1,2,0,furnished
169276,6961,4,2,3,0,1,1,0,1,3,0,furnished
156525,3827,5,2,1,0,1,0,0,0,0,0,furnished
136734,4222,3,1,3,1,1,1,0,1,1,0,semi-furnished
93029,8013,1,1,1,1,1,1,0,1,0,0,furnished
161111,5453,5,1,1,0,0,1,0,1,2,0,unfurnished
199170,7131,5,3,2,0,0,1,1,1,3,0,unfurnished
128742,6118,2,1,1,0,1,1,0,1,3,1,semi-furnished
157105,6683,5,1,1,0,0,0,0,1,2,0,semi-furnished
179400,6955,4,1,3,0,1,1,1,1,3,0,furnished
163701,5124,3,3,1,0,1,1,1,1,3,1,unfurnished
171367,9431,4,2,3,0,0,1,1,0,2,1,unfurnished
116719,5437,1,2,3,0,0,0,0,1,2,1,semi-furnished
109444,3188,1,3,2,0,0,1,1,0,0,1,furnished
145530,6485,3,2,2,0,0,1,1,1,1,0,semi-furnished
160847,5377,4,1,3,1,1,0,0,0,1,1,unfurnished
129805,7456,3,1,3,1,0,0,0,0,0,0,furnished
130958,9869,2,1,1,0,1,1,1,0,2,1,unfurnished
120325,5339,4,1,2,0,0,0,0,0,1,1,semi-furnished
124343,8448,2,1,2,1,1,0,0,1,2,0,furnished
167039,9012,4,2,1,1,1,1,0,0,2,1,semi-furnished
153478,9285,2,2,1,0,1,1,0,1,2,0,semi-furnished
146680,7979,2,3,2,0,0,1,0,1,3,0,furnished
146751,3045,5,1,1,0,0,1,0,1,0,1,furnished
116947,1833,3,2,2,0,0,1,1,1,0,1,furnished
116301,2627,4,1,2,0,0,0,1,0,3,1,semi-furnished
119587,3627,3,1,2,0,1,0,0,1,3,0,unfurnished
127894,3068,2,3,3,0,1,1,1,0,3,1,furnished
120201,3504,2,3,2,0,0,1,1,1,1,1,unfurnished
164831,4012,4,3,3,1,1,1,1,1,0,1,furnished
137581,8511,1,3,2,1,1,1,1,0,3,1,furnished
157826,6541,5,1,2,0,1,1,1,0,3,1,furnished
160159,9400,2,3,1,0,0,0,1,1,2,1,semi-furnished
159529,8929,3,2,3,1,0,1,0,0,3,0,furnished
142511,5434,3,1,1,1,0,1,1,0,3,1,semi-furnished
106004,2011,2,2,1,0,1,0,1,1,1,1,semi-furnished
179263,8205,4,2,3,0,1,1,0,1,0,0,furnished
113706,3063,2,1,2,0,1,1,0,0,3,0,semi-furnished
168450,5730,4,3,2,0,1,0,0,0,1,0,furnished
109159,4272,1,2,3,1,0,0,0,1,3,0,semi-furnished
135400,4999,4,2,3,0,0,0,0,0,3,0,unfurnished
158733,5611,5,3,1,0,0,1,0,1,0,0,furnished
123260,4303,2,1,3,1,1,1,1,0,3,1,semi-furnished
147388,7780,2,2,3,1,0,0,0,0,3,0,semi-furnished
160349,6061,4,2,3,0,0,0,1,1,1,1,unfurnished
104472,9590,1,1,1,0,0,0,0,0,3,0,unfurnished
153938,8088,4,1,3,1,1,0,0,0,0,1,furnished
124690,2245,4,1,1,0,1,0,0,1,3,0,semi-furnished
156331,4133,4,2,2,0,0,0,1,1,1,1,furnished
123019,5440,3,1,1,1,1,0,0,1,0,1,unfurnished
143096,7257,4,1,1,1,1,0,1,1,3,0,semi-furnished
113933,8023,1,1,2,1,0,0,1,0,2,0,semi-furnished
123820,4775,2,3,2,1,1,0,0,0,2,1,unfurnished
135233,4088,4,2,2,0,1,1,0,0,2,1,furnished
146254,8016,2,2,1,1,1,1,1,0,1,0,unfurnished
146714,2249,4,3,1,1,1,1,1,1,2,0,unfurnished
182080,6902,4,3,3,0,0,1,0,0,3,1,semi-furnished
194044,8524,5,1,2,0,1,1,0,1,3,1,furnished
138863,3787,4,3,1,1,1,1,1,0,0,0,furnished
158041,6966,5,1,1,1,1,0,0,1,2,1,furnished
168622,9998,2,2,3,0,1,1,1,1,2,1,unfurnished
137024,5045,2,2,3,0,0,0,1,1,2,1,unfurnished
121773,9244,1,1,1,0,0,1,1,1,1,1,semi-furnished
130139,4976,3,2,3,0,1,0,0,1,2,0,unfurnished
167896,6255,4,2,3,0,1,1,0,1,2,1,furnished
107960,2639,1,3,1,0,0,1,0,0,2,0,unfurnished
106850,5564,1,1,1,0,1,1,0,1,3,1,unfurnished
119962,3225,3,1,2,1,1,1,0,0,0,1,furnished
173477,9382,3,3,1,1,1,1,1,1,1,1,furnished
145845,1573,4,3,1,1,0,0,1,0,2,1,furnished
112413,5583,1,1,3,0,0,1,1,0,0,1,unfurnished
191899,9979,4,3,2,0,1,0,0,1,3,1,furnished
116453,7213,2,2,1,0,0,0,0,1,1,1,unfurnished
157267,7549,4,1,1,1,1,0,0,0,3,0,unfurnished
108924,2416,1,2,2,1,1,0,1,1,2,1,semi-furnished
170485,6738,4,2,1,0,1,0,1,1,1,1,unfurnished
172711,6891,4,3,2,1,1,1,0,1,1,1,semi-furnished
116433,2422,2,2,2,1,1,1,0,1,2,1,semi-furnished
149061,5971,2,3,1,0,1,1,1,0,2,1,furnished
148670,6350,3,2,1,1,1,1,1,1,1,1,semi-furnished
104299,1652,3,2,2,1,0,1,0,0,2,0,furnished
99653,6440,1,2,1,0,0,1,1,1,1,0,semi-furnished
130859,8577,1,3,3,1,0,0,1,0,0,0,furnished
152473,8415,2,3,2,1,0,0,0,1,2,1,semi-furnished
179584,5977,4,3,3,0,1,1,1,1,1,1,unfurnished
122618,2659,2,2,2,1,1,0,1,0,1,1,semi-furnished
166660,6993,5,1,1,1,1,0,1,0,2,1,furnished
172348,7317,4,3,3,1,1,1,1,1,1,0,furnished
127545,7635,3,1,1,0,0,0,1,1,0,0,furnished
138735,2463,4,2,3,0,1,0,0,0,2,0,unfurnished
117573,5648,2,2,2,0,0,0,1,0,2,0,furnished
146790,4108,5,1,3,0,1,0,1,0,0,1,semi-furnished
112339,6578,1,1,3,0,0,1,1,0,1,1,unfurnished
169647,9268,4,3,2,1,0,0,0,1,1,1,furnished
154669,1285,5,3,1,0,1,0,0,1,2,1,semi-furnished
123649,6049,2,3,1,0,0,0,0,1,1,1,unfurnished
131881,7682,1,2,3,0,0,0,0,1,2,0,furnished
152649,1552,5,3,2,0,0,1,1,1,2,0,furnished
158867,7840,4,3,1,0,0,0,1,1,2,1,semi-furnished
142576,3183,3,3,3,0,0,1,1,0,0,1,semi-furnished
110526,6657,2,1,3,0,1,1,0,0,0,0,semi-furnished
104777,4519,1,1,3,0,1,1,1,1,0,1,unfurnished
77989,6802,1,1,1,1,0,0,1,0,0,0,semi-furnished
106192,1009,3,2,1,0,1,1,1,0,1,1,furnished
157976,4950,5,2,2,0,1,1,1,0,2,1,semi-furnished
139905,9045,3,1,2,0,1,0,1,0,1,1,furnished
120104,9568,1,1,3,1,0,1,1,0,0,0,unfurnished
108744,1443,2,3,2,0,0,0,0,0,2,1,unfurnished
203025,7244,5,3,3,1,0,1,1,0,3,1,unfurnished
129921,9440,1,3,1,0,1,1,0,1,3,0,furnished
113457,4217,2,2,1,0,0,1,1,1,0,1,furnished
185909,5453,4,3,3,1,1,0,1,1,0,1,semi-furnished
154211,2986,5,3,2,0,1,1,0,1,1,1,unfurnished
104020,1479,1,2,3,0,0,1,1,1,3,0,semi-furnished
159622,9187,4,1,2,1,0,0,0,0,1,1,unfurnished
127830,4927,2,3,2,0,0,1,0,0,3,1,unfurnished
149785,7767,4,1,2,0,1,0,1,0,2,1,semi-furnished
195306,7607,5,2,2,1,1,1,0,1,0,1,unfurnished
98909,7902,1,1,3,1,0,0,1,1,0,0,semi-furnished
161996,9712,4,2,2,1,0,0,0,0,1,0,unfurnished
81118,2678,1,1,1,0,0,1,1,1,2,0,unfurnished
132172,4708,2,3,3,0,0,0,1,1,3,1,semi-furnished
175292,8219,4,2,2,1,1,0,0,1,1,1,semi-furnished
132741,8016,3,1,2,1,1,1,0,1,0,1,semi-furnished
150394,8111,3,2,2,1,0,0,0,1,1,1,semi-furnished
119892,8130,1,2,2,0,1,1,0,0,2,0,semi-furnished
197309,6835,5,3,2,1,0,1,1,1,1,1,semi-furnished
118450,3621,2,1,1,0,1,1,1,0,2,1,furnished
137202,9490,2,1,1,1,0,1,1,1,2,0,semi-furnished
114817,6471,2,2,1,0,1,0,1,0,3,1,unfurnished
163745,5063,5,2,2,0,0,0,0,0,1,0,unfurnished
187379,6032,5,3,1,1,1,0,1,0,3,1,semi-furnished
96191,3220,1,2,1,0,1,0,1,0,0,0,semi-furnished
159075,4873,4,2,2,1,0,0,1,0,1,1,semi-furnished
87635,1639,1,1,3,0,1,0,1,0,0,1,unfurnished
128501,2205,2,3,1,1,1,1,1,0,2,1,semi-furnished
154524,7194,5,1,1,1,0,1,1,0,2,0,furnished
160756,8034,5,1,2,1,0,0,1,0,2,1,furnished
92210,2707,1,2,2,0,0,0,0,0,0,0,furnished
197211,9969,5,3,3,0,1,0,1,0,2,0,furnished
125954,8042,1,3,2,0,0,0,1,1,2,1,furnished
175002,4934,3,3,2,1,1,1,1,1,3,1,unfurnished
102309,2790,2,1,2,1,0,0,1,1,0,0,unfurnished
178783,4670,5,3,1,1,0,1,1,0,3,0,semi-furnished
141040,8137,3,1,1,1,1,0,1,0,3,1,semi-furnished
152982,4406,3,3,2,0,1,1,0,1,3,0,furnished
178332,9101,5,1,2,1,0,1,0,1,3,1,semi-furnished
146438,6767,4,2,1,1,1,0,0,1,1,0,unfurnished
128799,4583,4,1,1,0,1,0,1,0,2,0,furnished
128256,8959,2,2,1,1,0,0,1,0,1,1,semi-furnished
142341,7495,3,2,1,0,1,0,1,1,1,1,unfurnished
155201,8619,2,3,1,0,0,1,0,1,2,1,unfurnished
131040,1683,4,3,1,0,1,0,1,0,0,1,semi-furnished
113797,8023,1,2,1,1,0,1,0,1,3,0,semi-furnished
117661,5568,1,1,2,0,0,1,1,1,3,0,unfurnished
132306,2400,2,3,3,0,0,1,0,1,3,1,unfurnished
188486,8654,5,2,2,0,1,0,1,1,0,1,furnished
157443,4731,5,2,1,0,0,1,1,0,2,1,unfurnished
208693,7707,5,2,3,1,1,1,1,1,3,1,furnished
190779,5958,5,2,1,0,1,1,1,1,2,1,unfurnished
169962,8773,5,2,1,1,0,1,0,0,3,1,unfurnished
114637,9566,1,3,1,0,0,0,0,1,0,0,semi-furnished
86905,2740,1,1,3,0,0,0,0,0,0,1,semi-furnished
134607,1541,3,3,2,1,0,1,0,0,3,0,semi-furnished
186218,8828,5,3,3,0,0,0,1,1,1,1,semi-furnished
168132,8276,2,3,2,1,1,1,1,1,2,1,semi-furnished
141426,1052,5,1,1,0,1,1,0,0,2,1,furnished
134954,4483,4,2,1,0,0,1,1,0,1,1,semi-furnished
163159,8316,4,1,1,0,1,1,0,0,2,1,semi-furnished
165754,9326,2,3,2,0,1,1,0,0,3,0,unfurnished
144845,4560,3,3,3,1,0,1,1,1,0,0,furnished
137557,6991,4,1,1,0,0,0,1,0,2,1,semi-furnished
98803,3873,2,1,3,1,0,0,1,1,0,0,semi-furnished
146654,6498,4,2,3,0,0,0,1,1,0,0,semi-furnished
163926,6356,3,3,2,1,0,0,0,1,3,1,unfurnished
140283,5221,3,1,3,0,1,0,1,1,3,0,furnished
169783,5282,4,3,1,1,0,1,1,1,3,0,unfurnished
166022,7734,4,1,3,1,0,1,0,0,1,1,unfurnished
174202,4595,5,3,3,0,0,1,1,0,2,1,semi-furnished
93005,1271,1,1,3,1,1,1,1,0,1,1,furnished
142914,7894,2,3,2,0,0,0,0,0,2,1,unfurnished
101862,2513,1,3,2,1,0,0,1,0,3,1,furnished
175473,4575,5,3,3,1,0,0,1,1,1,1,semi-furnished
143967,4820,5,1,2,0,1,0,0,1,0,0,unfurnished
195115,8216,5,3,1,1,0,1,1,1,0,1,unfurnished
110043,2117,2,1,3,0,0,0,0,1,3,0,semi-furnished
96862,6535,1,1,1,0,0,1,0,1,3,0,semi-furnished
152376,5461,4,1,1,1,1,1,1,1,2,1,furnished
171486,6427,5,3,2,1,1,0,0,1,2,0,semi-furnished
184535,2999,5,3,2,0,0,1,0,1,3,1,furnished
145962,8169,3,1,1,1,0,1,0,1,3,1,furnished
102812,4955,1,2,3,0,1,0,1,0,1,0,unfurnished
171196,4700,5,2,2,0,1,1,1,0,2,0,unfurnished
162325,6516,4,2,2,0,1,1,0,0,1,1,semi-furnished
117694,3024,2,2,2,0,0,1,0,1,2,1,semi-furnished
169141,2272,5,2,2,0,1,0,1,1,3,0,unfurnished
129613,5629,4,1,1,0,0,1,0,0,0,0,unfurnished
122829,9779,1,1,3,0,0,1,0,0,0,1,furnished
141328,5504,3,2,3,0,1,0,0,0,2,1,semi-furnished
159152,8801,3,1,2,0,1,0,1,1,2,1,unfurnished
179145,9391,5,2,2,1,0,0,0,1,0,0,unfurnished
158169,1936,4,2,3,0,0,0,1,1,3,1,unfurnished
151015,1948,5,1,1,1,0,0,0,0,3,1,furnished
152604,2131,5,3,1,1,0,1,1,0,3,0,furnished
115702,8896,1,1,1,0,0,0,1,1,2,0,semi-furnished
171618,6959,5,2,1,0,0,1,1,0,0,0,unfurnished
210540,9175,5,3,2,1,1,0,0,1,3,1,semi-furnished
131086,4209,4,2,1,0,0,1,1,0,1,0,unfurnished
206722,7384,5,3,2,0,1,1,1,0,2,1,unfurnished
127965,2782,1,3,3,1,1,1,0,1,1,1,semi-furnished
173758,9899,5,2,1,1,0,0,1,1,1,1,semi-furnished
138620,5354,4,1,2,1,1,1,0,0,3,1,semi-furnished
138677,1379,4,3,3,1,0,1,0,0,1,0,furnished
155522,2114,5,3,2,0,1,0,0,0,0,0,semi-furnished
157881,9749,2,3,1,1,1,0,1,1,0,0,semi-furnished
106525,9611,1,1,2,0,1,0,1,0,0,0,unfurnished
134050,7932,2,1,1,0,0,1,1,0,3,1,unfurnished
177192,7706,4,3,2,0,1,1,1,0,0,0,semi-furnished
112448,9383,1,2,1,0,1,1,0,1,2,0,unfurnished
131519,6087,3,1,1,1,0,0,1,0,1,1,unfurnished
84972,1203,2,1,3,1,0,0,0,0,1,1,furnished
167662,7761,4,3,3,1,0,0,1,0,1,1,furnished
181224,7776,5,2,1,0,1,0,1,1,2,1,unfurnished
126623,2840,3,2,1,1,1,1,0,1,0,0,semi-furnished
121853,6673,2,2,3,0,0,0,0,1,3,0,unfurnished
148744,5425,5,1,2,0,0,1,0,1,3,1,semi-furnished
168072,1016,5,3,1,1,0,0,0,1,3,1,unfurnished
171569,6813,4,2,1,1,1,1,0,1,2,0,furnished
110067,7789,1,2,1,1,0,0,1,0,3,1,semi-furnished
122234,9814,2,2,2,0,1,0,0,0,1,0,furnished
148391,4855,3,2,2,1,0,1,1,1,1,1,unfurnished
133105,2933,4,1,2,1,0,1,1,0,2,0,semi-furnished
177314,5880,5,3,1,1,1,1,1,1,2,0,semi-furnished
140759,7230,3,2,1,1,0,0,0,0,1,0,semi-furnished
148027,1837,4,3,1,1,0,0,1,1,3,0,semi-furnished
170199,7960,4,1,3,0,1,1,1,0,0,0,semi-furnished
190378,9256,4,3,2,1,1,1,0,0,0,1,furnished
163677,3643,4,3,2,1,0,1,1,0,2,1,unfurnished
163422,8278,3,3,2,0,1,0,0,0,3,1,furnished
127888,1766,3,3,2,0,1,0,1,0,3,0,unfurnished
90367,4683,1,1,1,1,0,0,1,0,2,0,semi-furnished
185997,9556,4,3,3,1,1,0,0,0,0,1,furnished
92513,5043,1,2,3,0,0,1,1,0,1,0,furnished
137913,9374,2,2,2,1,1,1,0,1,0,0,semi-furnished
159573,5431,3,2,3,0,1,0,1,1,2,0,furnished
128102,2341,2,3,1,0,1,0,1,1,2,1,furnished
148267,5681,4,1,2,1,1,0,0,0,1,0,semi-furnished
186039,7813,5,2,2,0,1,1,1,1,0,0,furnished
135538,6637,3,2,1,1,1,1,1,0,0,1,unfurnished
107711,2836,2,2,3,1,1,1,1,0,1,1,unfurnished
148458,2272,5,2,3,1,0,0,0,1,3,1,unfurnished
135604,4913,3,1,1,1,1,0,1,0,2,0,unfurnished
137882,4401,4,3,1,1,1,0,1,0,1,0,unfurnished
139167,5816,4,1,1,1,0,0,0,0,1,1,furnished
168282,5625,5,1,1,1,1,1,1,0,3,1,furnished
122206,3106,2,3,3,1,1,0,0,0,3,0,semi-furnished
82800,2738,1,2,2,1,0,1,0,0,3,0,unfurnished
156556,3879,4,3,3,1,1,0,0,1,3,1,unfurnished
144220,7767,2,1,2,0,0,0,1,1,3,1,semi-furnished
103578,1539,2,3,3,0,0,1,0,0,1,0,unfurnished
141491,3615,3,2,3,0,0,1,0,0,3,1,semi-furnished
151780,2945,5,2,1,0,0,0,0,0,1,1,furnished
161524,2213,4,3,2,0,0,1,1,1,0,1,unfurnished
175068,4005,4,3,3,1,1,1,1,0,1,1,unfurnished
88865,3669,1,2,2,0,1,1,0,1,0,0,furnished
155528,5091,4,2,1,0,1,0,1,1,3,1,furnished
92840,1390,3,1,1,1,0,0,1,0,2,1,semi-furnished
173034,9218,5,1,3,0,1,1,0,1,1,0,furnished
88535,1585,1,1,2,0,1,1,1,1,0,0,semi-furnished
137906,7640,2,3,1,1,0,1,0,1,1,0,semi-furnished
144500,2182,5,3,1,0,0,0,0,1,3,1,unfurnished
146041,8887,2,2,1,1,1,0,1,1,0,0,furnished
152671,5720,5,1,2,0,0,0,1,0,2,0,semi-furnished
100585,5815,1,1,3,0,1,0,1,1,3,1,unfurnished
173069,5946,5,1,3,0,1,0,1,1,1,1,semi-furnished
171923,9547,5,2,1,0,1,0,0,0,2,0,semi-furnished
160246,7944,5,1,3,0,0,1,0,0,3,0,semi-furnished
101540,4279,1,3,3,0,0,1,0,1,2,0,unfurnished
154246,7978,1,3,3,1,0,1,1,1,2,0,unfurnished
165526,6196,4,3,3,0,1,1,0,0,3,1,unfurnished
169043,9917,3,1,3,1,1,0,1,1,2,0,unfurnished
165160,5436,5,3,1,0,1,0,1,1,0,1,semi-furnished
152645,2758,4,2,2,1,0,1,1,1,1,1,unfurnished
129087,8337,2,1,2,0,1,1,0,0,2,0,furnished
172260,2768,4,3,3,0,1,1,0,1,3,0,furnished
113966,3378,4,1,2,0,0,0,1,0,1,1,semi-furnished
148551,3357,4,3,2,1,0,0,0,0,3,1,unfurnished
147818,5087,4,2,3,0,1,0,1,1,0,0,furnished
90610,3031,1,2,2,1,0,1,0,1,3,0,furnished
104723,2728,2,2,2,1,1,0,0,0,3,1,furnished
109785,4384,3,1,2,0,1,0,0,0,1,1,semi-furnished
140074,5096,4,1,2,0,0,1,0,1,0,0,semi-furnished
181575,9857,5,3,2,1,0,0,1,1,0,0,semi-furnished
133534,6392,4,1,1,0,1,1,0,0,0,1,unfurnished
138890,8316,1,3,2,0,0,0,0,1,3,0,furnished
145550,9495,2,3,2,0,0,0,0,1,2,1,unfurnished
94556,5180,1,1,3,0,0,0,1,0,0,1,furnished
124774,6872,1,3,1,0,0,1,1,1,2,1,semi-furnished
109914,4334,2,1,3,1,0,1,1,0,2,1,furnished
120976,7293,2,1,2,1,0,0,1,0,2,1,semi-furnished
142200,3717,4,3,1,1,0,1,1,1,1,1,furnished
167985,8157,4,1,3,1,1,1,0,1,2,0,furnished
144994,1660,4,3,2,0,0,0,0,1,0,0,semi-furnished
113333,2172,2,2,3,1,0,1,0,0,0,1,unfurnished
161442,2587,5,3,2,1,1,1,0,1,2,0,furnished
124290,5918,1,3,1,1,1,1,1,1,0,1,furnished
135866,4059,2,3,3,1,1,0,0,0,2,1,furnished
163853,5801,5,3,1,1,0,1,0,0,1,1,furnished
113087,6341,1,1,2,0,1,0,1,1,3,0,furnished
97645,3351,1,3,1,0,0,1,0,0,2,1,furnished
113105,1246,3,3,3,0,1,0,0,0,1,0,semi-furnished
93412,6644,1,1,3,1,0,0,1,1,1,0,furnished
146706,6514,4,3,1,0,1,1,0,1,0,0,semi-furnished
128007,8340,3,1,1,1,0,0,0,1,2,0,semi-furnished
184317,9234,4,2,3,1,1,1,1,1,2,0,unfurnished
156634,6014,5,3,1,0,0,0,1,0,0,0,unfurnished
147517,2711,4,3,3,1,0,1,1,1,0,1,semi-furnished
111236,4360,1,2,2,0,1,0,1,1,1,0,semi-furnished
147064,8240,3,1,3,1,1,1,0,1,0,0,semi-furnished
148983,7118,2,3,3,0,1,1,1,0,2,1,unfurnished
161024,5690,5,2,2,0,0,1,0,1,1,0,unfurnished
156152,9387,5,1,2,0,0,0,0,0,0,0,semi-furnished
94251,6214,1,1,1,0,0,0,1,1,2,1,unfurnished
191501,7273,5,3,1,0,1,1,1,1,2,0,furnished
149428,6457,3,2,3,0,0,0,0,1,0,0,semi-furnished
133139,2896,4,1,1,1,0,0,0,1,2,1,unfurnished
93630,4144,1,2,1,1,1,1,1,1,0,0,unfurnished
86324,2996,1,1,2,0,1,1,1,0,0,1,furnished
132932,6675,2,2,1,1,1,0,0,0,3,0,semi-furnished
120487,7952,1,2,3,0,1,1,0,1,1,0,unfurnished
150884,9434,2,3,1,0,1,1,0,1,0,1,furnished
203712,9461,5,3,2,1,1,0,0,1,2,1,unfurnished
176745,9297,5,1,1,0,0,1,1,1,0,1,furnished
137458,3336,4,1,3,1,0,1,0,1,3,0,semi-furnished
140800,9613,3,1,2,1,0,1,0,1,0,0,unfurnished
122228,6778,2,3,3,0,0,1,1,0,0,0,furnished
136699,4463,3,2,1,0,0,1,1,0,2,1,semi-furnished
153605,8280,4,2,3,0,0,1,0,0,1,0,furnished
156438,5185,5,2,2,0,0,1,0,0,3,0,semi-furnished
152373,5335,4,3,3,0,0,1,1,0,1,1,semi-furnished
131318,3941,2,3,2,0,1,1,0,0,2,0,unfurnished
148373,1330,4,3,1,0,1,1,0,1,1,1,furnished
78064,1367,1,2,2,1,1,1,0,1,0,0,furnished
149056,8142,2,2,2,1,1,0,1,1,1,0,semi-furnished
166258,7453,3,2,2,1,0,0,1,0,3,1,semi-furnished
170067,8117,4,3,1,1,0,0,1,0,1,0,unfurnished
101326,1455,3,1,3,0,0,1,1,1,1,0,unfurnished
151732,7422,3,3,3,0,0,0,1,1,1,0,furnished
147809,5419,4,2,2,0,0,0,0,1,3,0,furnished
141047,8493,2,1,2,0,1,1,0,0,1,1,semi-furnished
112927,7475,2,1,1,0,1,1,0,1,2,1,semi-furnished
75029,2515,1,1,3,1,0,1,0,0,0,1,unfurnished
162855,7711,5,2,2,0,0,0,0,1,3,0,semi-furnished
86120,1146,1,1,2,1,1,1,1,1,1,1,furnished
97389,2503,2,2,3,0,1,1,0,0,0,1,unfurnished
189409,7863,5,1,2,1,1,1,1,1,3,0,unfurnished
130690,1876,4,2,3,1,1,0,1,1,1,0,semi-furnished
157066,8759,4,1,1,1,0,1,0,0,1,1,unfurnished
114317,3203,3,1,2,0,1,1,0,0,0,0,furnished
136339,1962,3,2,3,0,0,1,1,0,3,1,unfurnished
109043,5962,2,2,2,0,1,0,0,1,0,0,furnished
160601,5585,3,3,2,0,1,1,1,1,3,1,unfurnished
82784,4362,1,1,2,0,1,0,1,0,1,0,semi-furnished
120338,7345,1,1,3,1,0,1,1,1,0,0,semi-furnished
102231,6633,1,1,1,1,1,1,0,1,0,1,unfurnished
106528,1554,2,2,1,1,0,0,0,0,2,1,unfurnished
86565,3896,1,1,2,1,0,0,0,0,1,0,furnished
166048,5813,4,2,3,0,1,0,0,1,2,0,furnished
113821,3132,2,2,2,0,0,1,0,1,1,0,furnished
121647,3269,2,2,3,1,1,0,1,0,2,0,semi-furnished
87402,3136,1,1,2,0,0,0,1,1,2,1,furnished
130012,3715,3,1,3,1,0,1,0,0,1,1,unfurnished
167306,8029,3,3,3,1,1,0,1,0,2,0,furnished
191622,5634,5,3,2,1,1,0,1,1,0,0,semi-furnished
161894,9445,1,3,3,0,1,1,1,0,3,1,furnished
108288,2804,3,1,3,1,1,0,0,1,2,0,unfurnished
152163,9865,2,3,1,1,0,1,1,0,0,1,unfurnished
137968,6198,2,3,1,0,1,1,1,1,1,1,semi-furnished
197326,9884,5,3,1,1,1,0,1,0,0,1,furnished
196944,7990,5,3,3,1,1,0,0,0,3,0,furnished
163762,5587,5,3,2,1,0,0,0,0,1,1,unfurnished
122496,2670,2,3,2,1,0,1,1,0,2,1,semi-furnished
154542,4455,5,3,2,0,0,0,0,0,0,0,unfurnished
143804,3720,2,3,3,0,0,1,1,1,0,1,semi-furnished
174864,6402,5,3,1,1,0,1,0,1,1,1,semi-furnished
170000,3416,5,3,2,0,0,1,1,0,3,1,furnished
111742,5100,1,1,2,1,1,1,1,0,0,1,furnished
127963,3077,3,3,2,1,0,0,0,0,0,0,furnished
166726,7668,3,2,3,1,0,1,0,0,3,1,furnished
131062,7751,3,2,1,1,0,1,0,0,1,1,unfurnished
132943,7661,3,1,1,0,1,1,1,1,2,0,furnished
140923,8719,2,2,2,0,1,0,1,1,3,0,unfurnished
173137,7130,5,3,1,0,1,0,1,1,1,1,unfurnished
149357,8719,2,3,1,1,1,0,0,1,3,1,furnished
162796,7574,5,3,1,0,1,0,1,0,0,0,furnished
152949,8440,3,2,1,0,1,1,1,1,1,0,unfurnished
112223,1850,2,3,2,0,1,0,1,0,2,1,semi-furnished
125370,5184,2,2,2,0,1,0,0,0,3,1,semi-furnished
80590,1789,1,1,3,0,1,0,0,0,2,1,unfurnished
137370,1648,4,1,2,0,0,1,1,1,0,1,semi-furnished
131606,8399,1,2,2,1,1,1,1,1,2,1,semi-furnished
98043,4893,1,1,2,1,1,0,1,1,0,0,semi-furnished
136542,9479,1,2,1,1,0,1,0,1,1,0,unfurnished
129039,1610,4,3,1,0,0,1,1,0,2,0,unfurnished
109815,8701,2,1,1,0,0,0,1,1,0,0,furnished
197242,9784,4,3,1,1,0,0,0,1,3,1,semi-furnished
111443,3747,2,1,3,1,0,0,1,0,1,1,furnished
96056,1049,1,2,3,0,1,1,0,0,0,1,unfurnished
162888,9777,3,2,3,0,1,0,0,1,0,0,furnished
132919,4704,4,1,2,0,0,0,0,0,3,1,furnished
144009,1506,5,3,1,1,0,1,1,0,3,0,furnished
118424,3202,1,3,1,0,0,1,1,1,2,1,unfurnished
175754,8651,5,2,1,1,0,0,0,0,1,1,furnished
112114,8058,1,2,1,1,0,0,0,0,0,0,furnished
155862,2369,5,2,3,1,1,1,0,0,0,0,semi-furnished
166260,9114,4,2,1,1,1,1,1,1,0,0,unfurnished
114325,5982,2,1,2,1,1,1,0,1,1,1,semi-furnished
138303,5633,3,2,2,0,0,0,0,0,2,0,semi-furnished
160807,5344,5,3,2,1,0,0,0,0,2,1,unfurnished
149753,7761,4,1,1,1,1,0,1,0,3,1,unfurnished
113715,9325,2,1,2,0,1,0,1,0,0,1,furnished
180037,9552,5,1,3,1,1,0,1,0,3,0,semi-furnished
170798,5279,5,3,3,0,0,1,0,1,2,0,furnished
174500,3675,5,3,2,1,1,0,0,1,1,1,furnished
92340,7419,1,1,1,1,1,0,0,1,1,0,unfurnished
165276,4732,5,2,1,1,0,0,1,0,2,1,semi-furnished
115187,3216,2,1,2,1,1,0,0,1,3,1,unfurnished
184506,8974,5,1,3,0,1,0,1,0,2,0,furnished
162843,1999,5,1,3,1,1,1,1,1,3,0,semi-furnished
103388,3528,1,1,2,1,1,1,1,1,1,1,semi-furnished
96364,1077,1,3,2,0,0,1,1,0,2,0,unfurnished
126615,8940,1,2,3,1,0,1,1,0,0,1,unfurnished
190279,9480,5,2,1,0,0,0,0,0,3,0,semi-furnished
140882,1082,5,3,1,1,0,1,0,0,1,1,semi-furnished
109366,3242,2,3,2,0,0,1,1,1,0,0,unfurnished
110096,1762,3,2,1,0,1,1,1,1,1,0,furnished
95295,2360,1,3,3,0,0,0,1,1,2,1,furnished
172258,9934,3,3,1,0,0,0,0,1,2,1,unfurnished
152719,5538,4,2,3,0,0,1,0,0,1,0,semi-furnished
97366,3082,2,1,1,0,1,0,1,0,2,0,furnished
124922,3370,3,2,2,0,0,0,1,1,3,0,semi-furnished
118627,6586,1,2,2,0,1,0,1,1,1,1,semi-furnished
133983,5610,1,2,3,1,1,0,1,0,2,1,semi-furnished
118256,7229,1,2,2,1,1,1,1,0,0,0,semi-furnished
156565,4125,3,3,3,0,1,0,0,1,0,1,unfurnished
137639,2775,4,1,2,0,1,0,1,0,3,1,unfurnished
115427,6365,1,1,1,1,1,0,0,1,3,0,furnished
124417,8708,1,1,3,0,0,0,1,0,3,1,furnished
160011,6600,5,1,3,0,0,0,1,1,1,0,unfurnished
154102,9251,2,3,1,1,1,0,1,1,3,1,furnished
122760,6677,2,2,3,0,0,0,0,0,3,0,semi-furnished
185267,8646,4,3,1,0,1,0,0,1,3,1,unfurnished
136949,1280,4,3,2,1,1,1,0,1,0,0,furnished
152402,3553,4,2,2,1,0,0,0,0,2,1,semi-furnished
160214,8587,3,1,2,0,1,1,0,1,3,0,semi-furnished
158621,3874,4,3,3,1,0,1,0,1,1,0,unfurnished
83315,1486,1,1,2,1,0,1,1,0,0,1,furnished
159143,5842,4,3,1,1,0,0,0,0,1,1,semi-furnished
95256,2324,1,3,2,0,1,0,1,1,1,0,unfurnished
155750,6004,4,2,2,0,1,1,1,0,2,0,unfurnished
165970,9569,3,1,3,1,0,0,1,1,0,1,furnished
154744,1858,5,3,3,0,1,0,0,0,3,1,unfurnished
139566,5223,4,2,1,1,1,0,0,1,0,0,unfurnished
161077,2993,4,3,3,0,1,1,0,0,0,1,semi-furnished
182259,7970,4,3,3,1,1,1,1,1,0,0,furnished
132018,6772,1,3,3,1,1,0,0,1,0,0,semi-furnished
197731,7792,5,3,3,1,1,0,0,1,1,0,semi-furnished
95491,1689,2,1,3,0,1,0,0,0,2,1,semi-furnished
123942,3644,3,2,2,1,0,0,0,0,1,1,semi-furnished
180013,5566,5,2,2,1,1,1,1,1,1,0,unfurnished
196775,4631,5,3,3,0,1,1,1,1,2,1,semi-furnished
191293,9802,5,3,1,0,1,0,1,1,0,1,furnished
111417,3483,2,3,1,1,1,1,0,1,1,0,furnished
155569,8431,4,2,1,1,0,0,0,1,3,0,furnished
198291,8751,5,3,1,0,0,1,0,1,3,0,semi-furnished
126897,7361,2,2,2,1,0,0,1,0,0,1,semi-furnished
141845,1822,3,3,3,1,0,0,0,0,3,0,semi-furnished
127584,1728,4,1,2,0,0,0,1,0,2,0,unfurnished
138244,1024,3,3,1,0,0,1,1,1,2,1,semi-furnished
151635,7176,3,2,3,1,0,0,1,0,2,0,unfurnished
124825,5201,1,3,2,0,1,1,1,0,3,1,unfurnished
166545,5633,5,2,2,0,1,1,0,0,1,1,unfurnished
130552,9191,2,2,2,0,1,1,1,0,1,1,furnished
159939,8080,2,3,3,1,1,1,0,0,1,0,semi-furnished
96573,5820,1,1,3,0,0,1,0,1,3,1,furnished
78319,1781,1,1,3,0,1,1,1,1,1,0,furnished
156744,6160,3,3,2,1,0,0,1,0,0,0,semi-furnished
94302,7503,1,1,1,0,1,0,1,1,0,1,furnished
112321,7391,1,3,3,0,0,1,1,0,0,0,unfurnished
106500,3296,2,2,1,0,0,1,1,1,1,0,semi-furnished
152042,2633,4,3,1,0,0,0,1,0,1,1,semi-furnished
147568,3934,5,1,1,0,0,0,0,1,0,1,unfurnished
117917,5322,2,2,3,0,0,0,0,1,3,1,furnished
139061,7162,4,1,2,0,0,1,0,1,0,1,unfurnished
106779,6254,1,1,2,0,1,0,1,1,2,0,unfurnished
181937,8807,4,2,3,1,1,1,0,0,3,1,furnished
199615,8594,5,3,3,0,1,0,0,0,1,1,unfurnished
93275,1692,2,2,2,1,0,0,1,0,2,1,semi-furnished
165470,5565,4,3,2,1,1,1,0,0,0,0,furnished
166327,8108,3,3,1,0,1,1,0,0,0,1,furnished
107084,1758,1,2,3,1,0,1,1,1,1,0,semi-furnished
168691,9869,5,1,2,1,0,1,0,0,2,0,semi-furnished
193034,4266,5,3,2,1,1,1,1,1,1,1,unfurnished
209507,8866,5,3,2,1,0,0,0,1,2,1,semi-furnished
134244,1869,5,1,1,0,1,0,1,1,0,0,furnished
171292,9899,4,1,1,1,1,1,1,1,0,0,unfurnished
144471,4494,4,2,3,1,1,0,0,0,1,0,unfurnished
155892,8396,5,2,1,0,1,0,0,0,1,0,unfurnished
113297,7591,1,1,2,0,1,1,1,0,1,0,unfurnished
165198,9292,4,1,1,1,0,1,1,0,2,0,semi-furnished
164126,3499,4,3,2,0,1,1,0,0,1,1,semi-furnished
103599,1572,2,1,3,1,0,0,0,0,2,1,unfurnished
157241,2837,4,3,3,1,1,0,1,0,2,0,unfurnished
150403,5818,5,2,2,0,0,1,0,0,1,0,furnished
158337,6838,4,1,3,0,0,0,1,0,2,1,unfurnished
133151,2734,4,2,3,1,1,0,0,1,1,1,furnished
131462,4923,4,1,2,1,0,0,1,0,3,1,unfurnished
101168,1374,2,2,3,1,0,1,0,1,1,1,furnished
135380,9921,3,1,3,0,0,0,1,0,0,1,semi-furnished
128066,9213,1,3,2,0,0,1,1,1,2,1,semi-furnished
154347,5823,4,3,2,1,1,1,0,0,1,1,furnished
141014,9657,3,1,1,1,1,0,0,0,0,1,unfurnished
144168,2287,4,2,1,1,0,1,0,1,1,1,unfurnished
112618,3277,2,2,1,1,0,0,1,0,0,1,unfurnished
122962,9747,3,1,1,0,1,1,0,0,0,0,furnished
177499,9457,4,2,1,0,1,0,1,1,1,0,semi-furnished
161522,6802,4,1,1,1,0,0,1,1,1,1,semi-furnished
110933,3168,2,2,2,0,0,0,1,1,3,0,unfurnished
125250,6530,1,2,2,0,1,1,0,1,3,1,semi-furnished
177944,4599,5,2,2,1,1,1,1,0,0,0,furnished
153209,6729,3,3,3,0,1,1,0,1,2,1,furnished
144138,5117,3,2,2,1,1,1,1,0,3,0,furnished
93829,3743,1,3,1,0,1,1,1,1,0,1,furnished
118278,6303,1,3,3,0,1,0,0,0,0,0,unfurnished
131576,2357,4,2,2,0,1,1,1,0,1,1,furnished
159426,7734,2,2,2,1,1,1,1,0,2,1,semi-furnished
144979,1015,4,3,3,0,0,1,1,1,1,0,unfurnished
181082,8793,4,2,2,0,1,0,1,1,1,0,semi-furnished
102111,1446,4,1,1,0,1,0,1,0,1,0,unfurnished
115386,3402,1,2,3,1,1,0,0,0,3,0,semi-furnished
94826,2858,1,3,1,0,0,1,1,0,3,1,semi-furnished
96622,3296,1,3,3,0,0,0,0,0,2,0,furnished
145380,2103,5,3,1,0,0,1,0,1,2,0,furnished
121199,8211,1,3,1,0,0,0,0,1,2,0,furnished
133084,3821,1,3,3,0,1,0,1,1,3,0,semi-furnished
127916,2515,3,3,1,0,0,1,1,0,0,1,semi-furnished
161790,1332,5,2,1,1,0,0,1,1,3,1,semi-furnished
139872,7739,3,2,2,0,0,0,0,0,1,0,semi-furnished
185573,8172,5,2,3,1,1,0,1,0,1,1,semi-furnished
164686,7615,5,2,2,0,1,1,1,0,0,1,unfurnished
130368,3597,4,1,2,1,1,0,0,1,2,1,furnished
144552,6244,2,2,2,1,1,1,0,0,3,1,unfurnished
107536,6019,1,3,3,0,0,0,1,0,0,1,furnished
180130,9945,5,1,3,0,0,1,0,0,2,1,furnished
96594,1363,1,3,2,1,1,0,1,0,1,1,semi-furnished
124015,4403,1,3,2,1,1,1,1,1,1,1,furnished
125284,4439,3,1,2,0,0,1,1,0,2,0,furnished
141954,8705,2,2,1,0,0,0,1,0,2,0,unfurnished
115541,3807,3,1,3,1,0,0,0,0,1,1,unfurnished
158360,5796,4,1,3,0,0,0,1,1,1,0,semi-furnished
139410,5993,3,2,3,1,1,0,0,1,0,0,semi-furnished
119831,4587,4,1,2,0,0,0,0,1,1,1,unfurnished
142533,9636,2,1,2,0,0,1,1,0,3,0,unfurnished
142663,7741,3,1,2,0,1,0,0,0,0,0,semi-furnished
126163,5439,3,1,1,0,1,1,1,0,0,1,furnished
109591,4984,3,1,1,0,0,1,1,1,1,0,unfurnished
137389,8345,2,2,3,1,1,1,1,0,2,0,unfurnished
95448,3088,2,1,3,1,1,1,1,1,0,0,semi-furnished
174051,7676,4,2,3,0,0,1,1,0,1,1,unfurnished
163824,3854,4,2,2,1,1,1,1,0,3,0,semi-furnished
154329,5537,3,2,3,1,0,1,0,0,2,0,furnished
170352,7649,4,3,1,1,1,0,0,0,2,0,furnished
172411,3858,5,1,2,1,1,1,0,1,2,1,unfurnished
122257,1876,5,1,1,0,0,1,0,1,0,1,unfurnished
117808,7394,1,3,1,0,1,0,1,1,0,0,semi-furnished
141165,8822,2,2,2,0,0,1,0,0,3,0,furnished
138148,7694,3,2,2,0,0,0,0,1,0,1,furnished
173354,9910,4,3,1,1,1,0,1,0,1,1,semi-furnished
125062,5777,3,1,2,1,0,0,1,1,2,1,furnished
155010,7578,3,1,1,1,1,1,0,1,3,1,unfurnished
119744,6674,2,1,3,1,0,1,1,1,0,0,semi-furnished
138355,9383,3,1,3,0,1,1,0,0,1,1,furnished
142397,4463,3,3,1,1,1,0,1,1,0,1,unfurnished
136169,5564,3,3,3,0,1,0,1,0,0,1,semi-furnished
99298,2255,2,2,1,1,0,0,0,0,3,0,semi-furnished
129455,4785,3,2,2,1,0,0,0,0,3,0,unfurnished
144692,5791,3,3,2,0,0,1,1,0,3,1,semi-furnished
118337,4190,2,3,1,1,1,0,1,1,3,0,semi-furnished
94630,2804,1,3,1,1,0,0,1,0,3,0,semi-furnished
142901,3457,5,1,1,0,0,1,0,0,1,1,unfurnished
151038,4421,4,3,2,1,0,0,0,0,3,0,furnished
131259,6569,1,3,2,1,0,0,0,1,1,1,unfurnished
108717,2102,1,3,2,0,0,0,0,1,2,1,unfurnished
148302,4673,4,1,3,0,1,0,1,1,0,0,semi-furnished
123918,3409,3,1,1,0,1,0,1,0,3,0,semi-furnished
182725,3984,5,3,2,1,1,0,1,1,2,0,furnished
157827,3915,4,1,2,1,1,1,1,1,3,1,semi-furnished
158988,1907,5,1,3,0,0,1,1,1,3,0,unfurnished
133905,9968,2,1,1,1,1,0,0,0,2,0,furnished
81436,1149,1,3,2,0,1,0,1,1,0,0,furnished
137298,9287,2,2,2,1,1,1,1,0,1,1,furnished
155442,7075,4,1,3,0,0,0,0,0,1,1,furnished
131544,1133,4,1,2,0,0,1,0,1,0,1,furnished
178332,8766,3,3,2,0,1,1,0,1,1,0,furnished
161964,1625,5,1,3,1,1,1,1,1,3,1,unfurnished
145733,4779,4,1,3,1,1,1,0,0,2,0,unfurnished
129335,1294,3,2,3,1,1,1,0,1,1,1,semi-furnished
133833,7094,2,3,3,0,1,0,0,0,0,0,furnished
106649,1307,2,2,1,0,1,0,1,1,0,1,semi-furnished
150647,7438,5,1,3,0,0,1,1,0,0,0,furnished
82262,1657,1,2,2,1,1,0,0,1,1,0,furnished
165814,3634,4,3,2,1,1,0,1,1,1,0,semi-furnished
178471,9393,3,3,3,0,1,1,0,0,0,0,unfurnished
140182,9904,2,2,3,1,1,0,0,1,1,0,semi-furnished
145281,6560,4,1,1,1,1,1,0,0,0,1,unfurnished
192574,9583,5,3,1,1,0,0,1,0,3,1,furnished
139336,9953,1,2,2,1,0,0,1,0,1,0,furnished
121089,7910,2,1,2,1,0,1,0,0,2,1,furnished
142241,1534,5,1,1,1,1,0,0,0,2,1,furnished
125338,7594,2,1,2,1,0,1,0,0,2,1,furnished
93356,3844,1,2,3,1,0,0,0,1,2,0,semi-furnished
151918,2553,5,2,1,1,1,1,1,1,3,1,furnished
144454,7754,2,3,1,1,0,1,0,0,2,1,unfurnished
102037,4278,1,3,2,0,1,1,0,0,2,1,furnished
122892,9575,1,2,2,0,0,0,0,0,2,0,semi-furnished
129500,5579,3,1,2,0,0,0,1,1,0,1,furnished
137054,5910,2,3,1,1,0,1,0,1,3,1,unfurnished
135459,6376,2,3,2,0,1,1,1,1,0,0,unfurnished
125363,2657,3,2,3,1,0,1,0,1,1,1,semi-furnished
173346,9946,4,1,1,1,0,0,1,0,3,0,furnished
148822,7899,3,2,3,0,0,1,0,1,2,0,semi-furnished
180688,7419,5,2,2,1,1,1,1,1,1,0,furnished
105678,7406,1,1,2,0,0,0,1,1,0,1,semi-furnished
109177,1072,2,3,3,1,0,1,0,1,3,0,unfurnished
142650,7543,4,2,1,0,1,0,1,0,2,0,unfurnished
140897,9025,3,1,1,0,0,0,0,0,1,1,semi-furnished
153199,6657,2,3,1,1,0,0,1,0,3,1,furnished
153299,2794,5,1,2,1,1,1,0,0,3,0,semi-furnished
197640,9432,4,3,3,1,0,0,0,1,3,1,unfurnished
138228,6519,4,1,2,0,1,1,0,1,0,1,semi-furnished
103122,1011,1,3,1,1,1,0,1,0,3,0,unfurnished
110692,1997,1,3,3,0,0,0,1,1,1,0,furnished
131122,1265,4,2,2,1,1,1,0,0,1,1,furnished
119140,8945,1,2,2,0,1,0,1,1,1,1,unfurnished
151227,9421,3,1,2,1,1,1,0,0,1,1,unfurnished
123180,1775,3,2,3,1,0,1,1,0,1,1,furnished
110041,1912,3,1,2,0,0,0,1,1,3,0,unfurnished
215926,7118,5,3,3,1,1,1,1,1,2,1,unfurnished
186094,9538,5,1,3,0,1,1,1,0,2,0,furnished
203766,9428,4,3,2,0,1,1,0,1,2,1,unfurnished
169308,8482,4,2,3,0,1,1,0,0,3,1,furnished
177660,7079,4,3,1,0,1,1,1,1,2,1,furnished
171151,9878,4,1,3,0,1,1,1,1,0,0,semi-furnished
122294,1228,2,3,3,1,1,0,0,0,2,1,semi-furnished
125486,3187,3,1,2,1,1,1,1,0,1,0,semi-furnished
